{
  "products": [
    {
      "id": "1",
      "name": "Rubik GAN 3x3 Basic",
      "sale_price": "320000",
      "price": "420000",
      "view": "100",
      "images": [
        "Rectangle 12.png",
        "loaicoban.png",
        "Rectangle 11.png",
        "Rectangle 13.png"
      ],
      "brand": "GAN",
      "category": "coban",
      "type": "Rubik 3x3",
      "weight": "70g",
      "size": "55mm",
      "accessory": "Có",
      "quantity": "100",
      "quantity_sold": "10",
      "description": "Rubik 3x3 MF3RS MoFang JiaoShi II 3x3 \n\nRubik 3x3 MF3RS MoFang JiaoShi II 2023 là phiên bản mới và được cải tiến của chiếc 3x3 cao cấp của MoFang JiaoShi. Sản phẩm mới này có hệ thống lò xo điều chỉnh bằng tay và nam châm điều chỉnh với tua vít. Về hiệu suất, chiếc cube mới của MoFang JiaoShi có khả năng xoay nhanh và ổn định, chắc chắn sẽ gây ấn tượng với các tay chơi speedcubers ở mọi trình độ kỹ năng.\n\nLưu ý: Nắp tâm của cube chỉ có thể lắp được vào hai hướng nhất định. Vui lòng cẩn thận và không cố ấn nắp vào nếu chúng không vừa.\n\nCác tính năng chính:\n\n- Lõi chắc chắn hơn để tăng cường sự ổn định.\n- Hệ thống điều chỉnh cải tiến hơn.\n- Thiết kế bề mặt mới giảm ma sát và giữ lube tốt hơn.\n- Bề mặt bóng mờ bám tay.\n\nTổng quan:\n- Cảm giác xoay nhẹ, nhanh.\n- Trọng lượng nhẹ.\n- Chống lật góc tốt.\n- 11 tùy chỉnh lò xo.\n- 6 cường độ nam châm khác nhau.\n\nPhụ kiện đi kèm:\n\n- Túi đựng (trị giá 35k).\n- Dụng cụ điều chỉnh nam châm."
    },
    {
      "id": "2",
      "name": "Rubik GAN 3x3 V1",
      "sale_price": "350000",
      "price": "420000",
      "view": "100",
      "images": [
        "ganv2.jpg",
        "loaicoban.png",
        "Rectangle 11.png",
        "Rectangle 13.png"
      ],
      "brand": "GAN",
      "category": "coban",
      "type": "Rubik 3x3",
      "weight": "70g",
      "size": "55mm",
      "accessory": "Có",
      "quantity": "100",
      "quantity_sold": "10",
      "description": "Rubik 3x3 MF3RS MoFang JiaoShi II 3x3 \n\nRubik 3x3 MF3RS MoFang JiaoShi II 2023 là phiên bản mới và được cải tiến của chiếc 3x3 cao cấp của MoFang JiaoShi. Sản phẩm mới này có hệ thống lò xo điều chỉnh bằng tay và nam châm điều chỉnh với tua vít. Về hiệu suất, chiếc cube mới của MoFang JiaoShi có khả năng xoay nhanh và ổn định, chắc chắn sẽ gây ấn tượng với các tay chơi speedcubers ở mọi trình độ kỹ năng.\n\nLưu ý: Nắp tâm của cube chỉ có thể lắp được vào hai hướng nhất định. Vui lòng cẩn thận và không cố ấn nắp vào nếu chúng không vừa.\n\nCác tính năng chính:\n\n- Lõi chắc chắn hơn để tăng cường sự ổn định.\n- Hệ thống điều chỉnh cải tiến hơn.\n- Thiết kế bề mặt mới giảm ma sát và giữ lube tốt hơn.\n- Bề mặt bóng mờ bám tay.\n\nTổng quan:\n- Cảm giác xoay nhẹ, nhanh.\n- Trọng lượng nhẹ.\n- Chống lật góc tốt.\n- 11 tùy chỉnh lò xo.\n- 6 cường độ nam châm khác nhau.\n\nPhụ kiện đi kèm:\n\n- Túi đựng (trị giá 35k).\n- Dụng cụ điều chỉnh nam châm."
    },
    {
      "id": "3",
      "name": "Rubik Gương 3x3",
      "sale_price": "350000",
      "price": "420000",
      "view": "100",
      "images": [
        "rubikguong.jpg",
        "Rectangle 11.png",
        "Rectangle 12.png",
        "Rectangle 13.png"
      ],
      "brand": "GAN",
      "category": "bienthe",
      "type": "Rubik 3x3",
      "weight": "70g",
      "size": "55mm",
      "accessory": "Có",
      "quantity": "100",
      "quantity_sold": "10",
      "description": "Rubik 3x3 MF3RS MoFang JiaoShi II 3x3 \n\nRubik 3x3 MF3RS MoFang JiaoShi II 2023 là phiên bản mới và được cải tiến của chiếc 3x3 cao cấp của MoFang JiaoShi. Sản phẩm mới này có hệ thống lò xo điều chỉnh bằng tay và nam châm điều chỉnh với tua vít. Về hiệu suất, chiếc cube mới của MoFang JiaoShi có khả năng xoay nhanh và ổn định, chắc chắn sẽ gây ấn tượng với các tay chơi speedcubers ở mọi trình độ kỹ năng.\n\nLưu ý: Nắp tâm của cube chỉ có thể lắp được vào hai hướng nhất định. Vui lòng cẩn thận và không cố ấn nắp vào nếu chúng không vừa.\n\nCác tính năng chính:\n\n- Lõi chắc chắn hơn để tăng cường sự ổn định.\n- Hệ thống điều chỉnh cải tiến hơn.\n- Thiết kế bề mặt mới giảm ma sát và giữ lube tốt hơn.\n- Bề mặt bóng mờ bám tay.\n\nTổng quan:\n- Cảm giác xoay nhẹ, nhanh.\n- Trọng lượng nhẹ.\n- Chống lật góc tốt.\n- 11 tùy chỉnh lò xo.\n- 6 cường độ nam châm khác nhau.\n\nPhụ kiện đi kèm:\n\n- Túi đựng (trị giá 35k).\n- Dụng cụ điều chỉnh nam châm."
    },
    {
      "id": "4",
      "name": "Rubik GAN Ngũ Giác",
      "sale_price": "350000",
      "price": "420000",
      "view": "100",
      "images": [
        "Rectangle 11.png",
        "loaicoban.png",
        "Rectangle 13.png",
        "Rectangle 12.png"
      ],
      "brand": "GAN",
      "category": "bienthe",
      "type": "Rubik ngũ giác",
      "weight": "70g",
      "size": "55mm",
      "accessory": "Có",
      "quantity": "100",
      "quantity_sold": "10",
      "description": "Rubik 3x3 MF3RS MoFang JiaoShi II 3x3 \n\nRubik 3x3 MF3RS MoFang JiaoShi II 2023 là phiên bản mới và được cải tiến của chiếc 3x3 cao cấp của MoFang JiaoShi. Sản phẩm mới này có hệ thống lò xo điều chỉnh bằng tay và nam châm điều chỉnh với tua vít. Về hiệu suất, chiếc cube mới của MoFang JiaoShi có khả năng xoay nhanh và ổn định, chắc chắn sẽ gây ấn tượng với các tay chơi speedcubers ở mọi trình độ kỹ năng.\n\nLưu ý: Nắp tâm của cube chỉ có thể lắp được vào hai hướng nhất định. Vui lòng cẩn thận và không cố ấn nắp vào nếu chúng không vừa.\n\nCác tính năng chính:\n\n- Lõi chắc chắn hơn để tăng cường sự ổn định.\n- Hệ thống điều chỉnh cải tiến hơn.\n- Thiết kế bề mặt mới giảm ma sát và giữ lube tốt hơn.\n- Bề mặt bóng mờ bám tay.\n\nTổng quan:\n- Cảm giác xoay nhẹ, nhanh.\n- Trọng lượng nhẹ.\n- Chống lật góc tốt.\n- 11 tùy chỉnh lò xo.\n- 6 cường độ nam châm khác nhau.\n\nPhụ kiện đi kèm:\n\n- Túi đựng (trị giá 35k).\n- Dụng cụ điều chỉnh nam châm."
    },
    {
      "id": "5",
      "name": "Đồng Hồ Rubik",
      "sale_price": "350000",
      "price": "420000",
      "view": "100",
      "images": [
        "Rectangle 13.png",
        "Rectangle 11.png",
        "loaicoban.png",
        "Rectangle 12.png"
      ],
      "brand": "GAN",
      "category": "phukien",
      "type": "Đồng Hồ",
      "weight": "70g",
      "size": "55mm",
      "accessory": "Có",
      "quantity": "100",
      "quantity_sold": "10",
      "description": "Rubik 3x3 MF3RS MoFang JiaoShi II 3x3 \n\nRubik 3x3 MF3RS MoFang JiaoShi II 2023 là phiên bản mới và được cải tiến của chiếc 3x3 cao cấp của MoFang JiaoShi. Sản phẩm mới này có hệ thống lò xo điều chỉnh bằng tay và nam châm điều chỉnh với tua vít. Về hiệu suất, chiếc cube mới của MoFang JiaoShi có khả năng xoay nhanh và ổn định, chắc chắn sẽ gây ấn tượng với các tay chơi speedcubers ở mọi trình độ kỹ năng.\n\nLưu ý: Nắp tâm của cube chỉ có thể lắp được vào hai hướng nhất định. Vui lòng cẩn thận và không cố ấn nắp vào nếu chúng không vừa.\n\nCác tính năng chính:\n\n- Lõi chắc chắn hơn để tăng cường sự ổn định.\n- Hệ thống điều chỉnh cải tiến hơn.\n- Thiết kế bề mặt mới giảm ma sát và giữ lube tốt hơn.\n- Bề mặt bóng mờ bám tay.\n\nTổng quan:\n- Cảm giác xoay nhẹ, nhanh.\n- Trọng lượng nhẹ.\n- Chống lật góc tốt.\n- 11 tùy chỉnh lò xo.\n- 6 cường độ nam châm khác nhau.\n\nPhụ kiện đi kèm:\n\n- Túi đựng (trị giá 35k).\n- Dụng cụ điều chỉnh nam châm."
    },
    {
      "id": "6",
      "name": "Rubik GAN Tam Giác",
      "sale_price": "350000",
      "price": "420000",
      "view": "100",
      "images": [
        "tamgiac.jfif",
        "loaicoban.png",
        "Rectangle 13.png",
        "Rectangle 12.png"
      ],
      "brand": "GAN",
      "category": "bienthe",
      "type": "Rubik Tam Giác",
      "weight": "70g",
      "size": "55mm",
      "accessory": "Có",
      "quantity": "100",
      "quantity_sold": "10",
      "description": "Rubik 3x3 MF3RS MoFang JiaoShi II 3x3 \n\nRubik 3x3 MF3RS MoFang JiaoShi II 2023 là phiên bản mới và được cải tiến của chiếc 3x3 cao cấp của MoFang JiaoShi. Sản phẩm mới này có hệ thống lò xo điều chỉnh bằng tay và nam châm điều chỉnh với tua vít. Về hiệu suất, chiếc cube mới của MoFang JiaoShi có khả năng xoay nhanh và ổn định, chắc chắn sẽ gây ấn tượng với các tay chơi speedcubers ở mọi trình độ kỹ năng.\n\nLưu ý: Nắp tâm của cube chỉ có thể lắp được vào hai hướng nhất định. Vui lòng cẩn thận và không cố ấn nắp vào nếu chúng không vừa.\n\nCác tính năng chính:\n\n- Lõi chắc chắn hơn để tăng cường sự ổn định.\n- Hệ thống điều chỉnh cải tiến hơn.\n- Thiết kế bề mặt mới giảm ma sát và giữ lube tốt hơn.\n- Bề mặt bóng mờ bám tay.\n\nTổng quan:\n- Cảm giác xoay nhẹ, nhanh.\n- Trọng lượng nhẹ.\n- Chống lật góc tốt.\n- 11 tùy chỉnh lò xo.\n- 6 cường độ nam châm khác nhau.\n\nPhụ kiện đi kèm:\n\n- Túi đựng (trị giá 35k).\n- Dụng cụ điều chỉnh nam châm."
    },
    {
      "id": "7",
      "name": "Móc Khóa Rubik",
      "sale_price": "350000",
      "price": "420000",
      "view": "100",
      "images": [
        "mockhoa.webp",
        "loaicoban.png",
        "Rectangle 13.png",
        "Rectangle 12.png"
      ],
      "brand": "GAN",
      "category": "phukien",
      "type": "Phụ Kiện",
      "weight": "70g",
      "size": "55mm",
      "accessory": "Có",
      "quantity": "100",
      "quantity_sold": "10",
      "description": "Rubik 3x3 MF3RS MoFang JiaoShi II 3x3 \n\nRubik 3x3 MF3RS MoFang JiaoShi II 2023 là phiên bản mới và được cải tiến của chiếc 3x3 cao cấp của MoFang JiaoShi. Sản phẩm mới này có hệ thống lò xo điều chỉnh bằng tay và nam châm điều chỉnh với tua vít. Về hiệu suất, chiếc cube mới của MoFang JiaoShi có khả năng xoay nhanh và ổn định, chắc chắn sẽ gây ấn tượng với các tay chơi speedcubers ở mọi trình độ kỹ năng.\n\nLưu ý: Nắp tâm của cube chỉ có thể lắp được vào hai hướng nhất định. Vui lòng cẩn thận và không cố ấn nắp vào nếu chúng không vừa.\n\nCác tính năng chính:\n\n- Lõi chắc chắn hơn để tăng cường sự ổn định.\n- Hệ thống điều chỉnh cải tiến hơn.\n- Thiết kế bề mặt mới giảm ma sát và giữ lube tốt hơn.\n- Bề mặt bóng mờ bám tay.\n\nTổng quan:\n- Cảm giác xoay nhẹ, nhanh.\n- Trọng lượng nhẹ.\n- Chống lật góc tốt.\n- 11 tùy chỉnh lò xo.\n- 6 cường độ nam châm khác nhau.\n\nPhụ kiện đi kèm:\n\n- Túi đựng (trị giá 35k).\n- Dụng cụ điều chỉnh nam châm."
    },
    {
      "id": "8",
      "name": "Rubik ShengShou 9x9",
      "sale_price": "350000",
      "price": "420000",
      "view": "100",
      "images": [
        "9x9.jpg",
        "loaicoban.png",
        "Rectangle 13.png",
        "Rectangle 12.png"
      ],
      "brand": "GAN",
      "category": "suutam",
      "type": "Rubik 9x9",
      "weight": "70g",
      "size": "55mm",
      "accessory": "Có",
      "quantity": "100",
      "quantity_sold": "10",
      "description": "Rubik 3x3 MF3RS MoFang JiaoShi II 3x3 \n\nRubik 3x3 MF3RS MoFang JiaoShi II 2023 là phiên bản mới và được cải tiến của chiếc 3x3 cao cấp của MoFang JiaoShi. Sản phẩm mới này có hệ thống lò xo điều chỉnh bằng tay và nam châm điều chỉnh với tua vít. Về hiệu suất, chiếc cube mới của MoFang JiaoShi có khả năng xoay nhanh và ổn định, chắc chắn sẽ gây ấn tượng với các tay chơi speedcubers ở mọi trình độ kỹ năng.\n\nLưu ý: Nắp tâm của cube chỉ có thể lắp được vào hai hướng nhất định. Vui lòng cẩn thận và không cố ấn nắp vào nếu chúng không vừa.\n\nCác tính năng chính:\n\n- Lõi chắc chắn hơn để tăng cường sự ổn định.\n- Hệ thống điều chỉnh cải tiến hơn.\n- Thiết kế bề mặt mới giảm ma sát và giữ lube tốt hơn.\n- Bề mặt bóng mờ bám tay.\n\nTổng quan:\n- Cảm giác xoay nhẹ, nhanh.\n- Trọng lượng nhẹ.\n- Chống lật góc tốt.\n- 11 tùy chỉnh lò xo.\n- 6 cường độ nam châm khác nhau.\n\nPhụ kiện đi kèm:\n\n- Túi đựng (trị giá 35k).\n- Dụng cụ điều chỉnh nam châm."
    },
    {
      "id": "9",
      "name": "Bộ sưu tầm Rubik",
      "sale_price": "350000",
      "price": "420000",
      "view": "100",
      "images": [
        "bosuutam.jfif",
        "loaicoban.png",
        "Rectangle 13.png",
        "Rectangle 12.png"
      ],
      "brand": "GAN",
      "category": "suutam",
      "type": "Bộ sưu tầm",
      "weight": "70g",
      "size": "55mm",
      "accessory": "Có",
      "quantity": "100",
      "quantity_sold": "10",
      "description": "Rubik 3x3 MF3RS MoFang JiaoShi II 3x3 \n\nRubik 3x3 MF3RS MoFang JiaoShi II 2023 là phiên bản mới và được cải tiến của chiếc 3x3 cao cấp của MoFang JiaoShi. Sản phẩm mới này có hệ thống lò xo điều chỉnh bằng tay và nam châm điều chỉnh với tua vít. Về hiệu suất, chiếc cube mới của MoFang JiaoShi có khả năng xoay nhanh và ổn định, chắc chắn sẽ gây ấn tượng với các tay chơi speedcubers ở mọi trình độ kỹ năng.\n\nLưu ý: Nắp tâm của cube chỉ có thể lắp được vào hai hướng nhất định. Vui lòng cẩn thận và không cố ấn nắp vào nếu chúng không vừa.\n\nCác tính năng chính:\n\n- Lõi chắc chắn hơn để tăng cường sự ổn định.\n- Hệ thống điều chỉnh cải tiến hơn.\n- Thiết kế bề mặt mới giảm ma sát và giữ lube tốt hơn.\n- Bề mặt bóng mờ bám tay.\n\nTổng quan:\n- Cảm giác xoay nhẹ, nhanh.\n- Trọng lượng nhẹ.\n- Chống lật góc tốt.\n- 11 tùy chỉnh lò xo.\n- 6 cường độ nam châm khác nhau.\n\nPhụ kiện đi kèm:\n\n- Túi đựng (trị giá 35k).\n- Dụng cụ điều chỉnh nam châm."
    },
    {
      "id": "10",
      "name": "Rubik 3D ",
      "sale_price": "350000",
      "price": "420000",
      "view": "100",
      "images": [
        "rubik3d.jpg",
        "loaicoban.png",
        "Rectangle 13.png",
        "Rectangle 12.png"
      ],
      "brand": "GAN",
      "category": "suutam",
      "type": "Rubik 3D",
      "weight": "70g",
      "size": "55mm",
      "accessory": "Có",
      "quantity": "100",
      "quantity_sold": "10",
      "description": "Rubik 3x3 MF3RS MoFang JiaoShi II 3x3 \n\nRubik 3x3 MF3RS MoFang JiaoShi II 2023 là phiên bản mới và được cải tiến của chiếc 3x3 cao cấp của MoFang JiaoShi. Sản phẩm mới này có hệ thống lò xo điều chỉnh bằng tay và nam châm điều chỉnh với tua vít. Về hiệu suất, chiếc cube mới của MoFang JiaoShi có khả năng xoay nhanh và ổn định, chắc chắn sẽ gây ấn tượng với các tay chơi speedcubers ở mọi trình độ kỹ năng.\n\nLưu ý: Nắp tâm của cube chỉ có thể lắp được vào hai hướng nhất định. Vui lòng cẩn thận và không cố ấn nắp vào nếu chúng không vừa.\n\nCác tính năng chính:\n\n- Lõi chắc chắn hơn để tăng cường sự ổn định.\n- Hệ thống điều chỉnh cải tiến hơn.\n- Thiết kế bề mặt mới giảm ma sát và giữ lube tốt hơn.\n- Bề mặt bóng mờ bám tay.\n\nTổng quan:\n- Cảm giác xoay nhẹ, nhanh.\n- Trọng lượng nhẹ.\n- Chống lật góc tốt.\n- 11 tùy chỉnh lò xo.\n- 6 cường độ nam châm khác nhau.\n\nPhụ kiện đi kèm:\n\n- Túi đựng (trị giá 35k).\n- Dụng cụ điều chỉnh nam châm."
    },
    {
      "id": "11",
      "name": "Rubik Bánh Răng",
      "sale_price": "350000",
      "price": "420000",
      "view": "100",
      "images": [
        "banhrang.jpg",
        "loaicoban.png",
        "Rectangle 13.png",
        "Rectangle 12.png"
      ],
      "brand": "GAN",
      "category": "suutam",
      "type": "Rubik Bánh Răng",
      "weight": "70g",
      "size": "55mm",
      "accessory": "Có",
      "quantity": "100",
      "quantity_sold": "10",
      "description": "Rubik 3x3 MF3RS MoFang JiaoShi II 3x3 \n\nRubik 3x3 MF3RS MoFang JiaoShi II 2023 là phiên bản mới và được cải tiến của chiếc 3x3 cao cấp của MoFang JiaoShi. Sản phẩm mới này có hệ thống lò xo điều chỉnh bằng tay và nam châm điều chỉnh với tua vít. Về hiệu suất, chiếc cube mới của MoFang JiaoShi có khả năng xoay nhanh và ổn định, chắc chắn sẽ gây ấn tượng với các tay chơi speedcubers ở mọi trình độ kỹ năng.\n\nLưu ý: Nắp tâm của cube chỉ có thể lắp được vào hai hướng nhất định. Vui lòng cẩn thận và không cố ấn nắp vào nếu chúng không vừa.\n\nCác tính năng chính:\n\n- Lõi chắc chắn hơn để tăng cường sự ổn định.\n- Hệ thống điều chỉnh cải tiến hơn.\n- Thiết kế bề mặt mới giảm ma sát và giữ lube tốt hơn.\n- Bề mặt bóng mờ bám tay.\n\nTổng quan:\n- Cảm giác xoay nhẹ, nhanh.\n- Trọng lượng nhẹ.\n- Chống lật góc tốt.\n- 11 tùy chỉnh lò xo.\n- 6 cường độ nam châm khác nhau.\n\nPhụ kiện đi kèm:\n\n- Túi đựng (trị giá 35k).\n- Dụng cụ điều chỉnh nam châm."
    },
    {
      "id": "12",
      "name": "Rubik QiYi 3x3",
      "sale_price": "350000",
      "price": "420000",
      "view": "100",
      "images": [
        "rubikqiyi.jpg",
        "loaicoban.png",
        "Rectangle 13.png",
        "Rectangle 12.png"
      ],
      "brand": "GAN",
      "category": "coban",
      "type": "Rubik 3x3",
      "weight": "70g",
      "size": "55mm",
      "accessory": "Có",
      "quantity": "100",
      "quantity_sold": "10",
      "description": "Rubik 3x3 MF3RS MoFang JiaoShi II 3x3 \n\nRubik 3x3 MF3RS MoFang JiaoShi II 2023 là phiên bản mới và được cải tiến của chiếc 3x3 cao cấp của MoFang JiaoShi. Sản phẩm mới này có hệ thống lò xo điều chỉnh bằng tay và nam châm điều chỉnh với tua vít. Về hiệu suất, chiếc cube mới của MoFang JiaoShi có khả năng xoay nhanh và ổn định, chắc chắn sẽ gây ấn tượng với các tay chơi speedcubers ở mọi trình độ kỹ năng.\n\nLưu ý: Nắp tâm của cube chỉ có thể lắp được vào hai hướng nhất định. Vui lòng cẩn thận và không cố ấn nắp vào nếu chúng không vừa.\n\nCác tính năng chính:\n\n- Lõi chắc chắn hơn để tăng cường sự ổn định.\n- Hệ thống điều chỉnh cải tiến hơn.\n- Thiết kế bề mặt mới giảm ma sát và giữ lube tốt hơn.\n- Bề mặt bóng mờ bám tay.\n\nTổng quan:\n- Cảm giác xoay nhẹ, nhanh.\n- Trọng lượng nhẹ.\n- Chống lật góc tốt.\n- 11 tùy chỉnh lò xo.\n- 6 cường độ nam châm khác nhau.\n\nPhụ kiện đi kèm:\n\n- Túi đựng (trị giá 35k).\n- Dụng cụ điều chỉnh nam châm."
    }
  ],
  "users": [
    {
      "id": "1",
      "name": "Khánh Trình",
      "email": "trinhlbkps36527@gmail.com",
      "password": "123456"
    },
    {
      "id": "2",
      "name": "Phạm Ngọc Cường",
      "email": "CuongPN11@gmail.com",
      "password": "123456"
    },
    {
      "id": "3",
      "name": "Trùm Trình",
      "email": "lebakhanhtrinh2004@gmail.com",
      "password": "321321"
    },
    {
      "id": "4",
      "name": "TrinhLe",
      "email": "trinhlbkps36527@fpt.edu.vn",
      "password": "123123"
    },
    {
      "id": 5,
      "name": "Cường",
      "email": "CuongLao@gmail.com",
      "password": "hihi"
    }
  ],
  "orders": [
    {
      "id": "8289",
      "idUser": "-1",
      "products": [
        {
          "id": "1",
          "name": "Rubik GAN 3x3 Basic",
          "sale_price": "320000",
          "price": "420000",
          "view": "100",
          "images": [
            "Rectangle 12.png",
            "loaicoban.png",
            "Rectangle 11.png",
            "Rectangle 13.png"
          ],
          "brand": "GAN",
          "category": "coban",
          "type": "Rubik 3x3",
          "weight": "70g",
          "size": "55mm",
          "accessory": "Có",
          "quantity": 2,
          "quantity_sold": "10",
          "description": "Rubik 3x3 MF3RS MoFang JiaoShi II 3x3 \n\nRubik 3x3 MF3RS MoFang JiaoShi II 2023 là phiên bản mới và được cải tiến của chiếc 3x3 cao cấp của MoFang JiaoShi. Sản phẩm mới này có hệ thống lò xo điều chỉnh bằng tay và nam châm điều chỉnh với tua vít. Về hiệu suất, chiếc cube mới của MoFang JiaoShi có khả năng xoay nhanh và ổn định, chắc chắn sẽ gây ấn tượng với các tay chơi speedcubers ở mọi trình độ kỹ năng.\n\nLưu ý: Nắp tâm của cube chỉ có thể lắp được vào hai hướng nhất định. Vui lòng cẩn thận và không cố ấn nắp vào nếu chúng không vừa.\n\nCác tính năng chính:\n\n- Lõi chắc chắn hơn để tăng cường sự ổn định.\n- Hệ thống điều chỉnh cải tiến hơn.\n- Thiết kế bề mặt mới giảm ma sát và giữ lube tốt hơn.\n- Bề mặt bóng mờ bám tay.\n\nTổng quan:\n- Cảm giác xoay nhẹ, nhanh.\n- Trọng lượng nhẹ.\n- Chống lật góc tốt.\n- 11 tùy chỉnh lò xo.\n- 6 cường độ nam châm khác nhau.\n\nPhụ kiện đi kèm:\n\n- Túi đựng (trị giá 35k).\n- Dụng cụ điều chỉnh nam châm."
        },
        {
          "id": "3",
          "name": "Rubik Gương 3x3",
          "sale_price": "350000",
          "price": "420000",
          "view": "100",
          "images": [
            "rubikguong.jpg",
            "Rectangle 11.png",
            "Rectangle 12.png",
            "Rectangle 13.png"
          ],
          "brand": "GAN",
          "category": "bienthe",
          "type": "Rubik 3x3",
          "weight": "70g",
          "size": "55mm",
          "accessory": "Có",
          "quantity": 2,
          "quantity_sold": "10",
          "description": "Rubik 3x3 MF3RS MoFang JiaoShi II 3x3 \n\nRubik 3x3 MF3RS MoFang JiaoShi II 2023 là phiên bản mới và được cải tiến của chiếc 3x3 cao cấp của MoFang JiaoShi. Sản phẩm mới này có hệ thống lò xo điều chỉnh bằng tay và nam châm điều chỉnh với tua vít. Về hiệu suất, chiếc cube mới của MoFang JiaoShi có khả năng xoay nhanh và ổn định, chắc chắn sẽ gây ấn tượng với các tay chơi speedcubers ở mọi trình độ kỹ năng.\n\nLưu ý: Nắp tâm của cube chỉ có thể lắp được vào hai hướng nhất định. Vui lòng cẩn thận và không cố ấn nắp vào nếu chúng không vừa.\n\nCác tính năng chính:\n\n- Lõi chắc chắn hơn để tăng cường sự ổn định.\n- Hệ thống điều chỉnh cải tiến hơn.\n- Thiết kế bề mặt mới giảm ma sát và giữ lube tốt hơn.\n- Bề mặt bóng mờ bám tay.\n\nTổng quan:\n- Cảm giác xoay nhẹ, nhanh.\n- Trọng lượng nhẹ.\n- Chống lật góc tốt.\n- 11 tùy chỉnh lò xo.\n- 6 cường độ nam châm khác nhau.\n\nPhụ kiện đi kèm:\n\n- Túi đựng (trị giá 35k).\n- Dụng cụ điều chỉnh nam châm."
        },
        {
          "id": "4",
          "name": "Rubik GAN Ngũ Giác",
          "sale_price": "350000",
          "price": "420000",
          "view": "100",
          "images": [
            "Rectangle 11.png",
            "loaicoban.png",
            "Rectangle 13.png",
            "Rectangle 12.png"
          ],
          "brand": "GAN",
          "category": "bienthe",
          "type": "Rubik ngũ giác",
          "weight": "70g",
          "size": "55mm",
          "accessory": "Có",
          "quantity": 1,
          "quantity_sold": "10",
          "description": "Rubik 3x3 MF3RS MoFang JiaoShi II 3x3 \n\nRubik 3x3 MF3RS MoFang JiaoShi II 2023 là phiên bản mới và được cải tiến của chiếc 3x3 cao cấp của MoFang JiaoShi. Sản phẩm mới này có hệ thống lò xo điều chỉnh bằng tay và nam châm điều chỉnh với tua vít. Về hiệu suất, chiếc cube mới của MoFang JiaoShi có khả năng xoay nhanh và ổn định, chắc chắn sẽ gây ấn tượng với các tay chơi speedcubers ở mọi trình độ kỹ năng.\n\nLưu ý: Nắp tâm của cube chỉ có thể lắp được vào hai hướng nhất định. Vui lòng cẩn thận và không cố ấn nắp vào nếu chúng không vừa.\n\nCác tính năng chính:\n\n- Lõi chắc chắn hơn để tăng cường sự ổn định.\n- Hệ thống điều chỉnh cải tiến hơn.\n- Thiết kế bề mặt mới giảm ma sát và giữ lube tốt hơn.\n- Bề mặt bóng mờ bám tay.\n\nTổng quan:\n- Cảm giác xoay nhẹ, nhanh.\n- Trọng lượng nhẹ.\n- Chống lật góc tốt.\n- 11 tùy chỉnh lò xo.\n- 6 cường độ nam châm khác nhau.\n\nPhụ kiện đi kèm:\n\n- Túi đựng (trị giá 35k).\n- Dụng cụ điều chỉnh nam châm."
        }
      ],
      "total": 2100000,
      "date": "2024-04-08 01:47:56",
      "status": "Đang chờ xử lý"
    },
    {
      "id": "544c",
      "idUser": "-1",
      "products": [
        {
          "id": "3",
          "name": "Rubik Gương 3x3",
          "sale_price": "350000",
          "price": "420000",
          "view": "100",
          "images": [
            "rubikguong.jpg",
            "Rectangle 11.png",
            "Rectangle 12.png",
            "Rectangle 13.png"
          ],
          "brand": "GAN",
          "category": "bienthe",
          "type": "Rubik 3x3",
          "weight": "70g",
          "size": "55mm",
          "accessory": "Có",
          "quantity": 5,
          "quantity_sold": "10",
          "description": "Rubik 3x3 MF3RS MoFang JiaoShi II 3x3 \n\nRubik 3x3 MF3RS MoFang JiaoShi II 2023 là phiên bản mới và được cải tiến của chiếc 3x3 cao cấp của MoFang JiaoShi. Sản phẩm mới này có hệ thống lò xo điều chỉnh bằng tay và nam châm điều chỉnh với tua vít. Về hiệu suất, chiếc cube mới của MoFang JiaoShi có khả năng xoay nhanh và ổn định, chắc chắn sẽ gây ấn tượng với các tay chơi speedcubers ở mọi trình độ kỹ năng.\n\nLưu ý: Nắp tâm của cube chỉ có thể lắp được vào hai hướng nhất định. Vui lòng cẩn thận và không cố ấn nắp vào nếu chúng không vừa.\n\nCác tính năng chính:\n\n- Lõi chắc chắn hơn để tăng cường sự ổn định.\n- Hệ thống điều chỉnh cải tiến hơn.\n- Thiết kế bề mặt mới giảm ma sát và giữ lube tốt hơn.\n- Bề mặt bóng mờ bám tay.\n\nTổng quan:\n- Cảm giác xoay nhẹ, nhanh.\n- Trọng lượng nhẹ.\n- Chống lật góc tốt.\n- 11 tùy chỉnh lò xo.\n- 6 cường độ nam châm khác nhau.\n\nPhụ kiện đi kèm:\n\n- Túi đựng (trị giá 35k).\n- Dụng cụ điều chỉnh nam châm."
        },
        {
          "id": "2",
          "name": "Rubik GAN 3x3 V1",
          "sale_price": "350000",
          "price": "420000",
          "view": "100",
          "images": [
            "ganv2.jpg",
            "loaicoban.png",
            "Rectangle 11.png",
            "Rectangle 13.png"
          ],
          "brand": "GAN",
          "category": "coban",
          "type": "Rubik 3x3",
          "weight": "70g",
          "size": "55mm",
          "accessory": "Có",
          "quantity": 2,
          "quantity_sold": "10",
          "description": "Rubik 3x3 MF3RS MoFang JiaoShi II 3x3 \n\nRubik 3x3 MF3RS MoFang JiaoShi II 2023 là phiên bản mới và được cải tiến của chiếc 3x3 cao cấp của MoFang JiaoShi. Sản phẩm mới này có hệ thống lò xo điều chỉnh bằng tay và nam châm điều chỉnh với tua vít. Về hiệu suất, chiếc cube mới của MoFang JiaoShi có khả năng xoay nhanh và ổn định, chắc chắn sẽ gây ấn tượng với các tay chơi speedcubers ở mọi trình độ kỹ năng.\n\nLưu ý: Nắp tâm của cube chỉ có thể lắp được vào hai hướng nhất định. Vui lòng cẩn thận và không cố ấn nắp vào nếu chúng không vừa.\n\nCác tính năng chính:\n\n- Lõi chắc chắn hơn để tăng cường sự ổn định.\n- Hệ thống điều chỉnh cải tiến hơn.\n- Thiết kế bề mặt mới giảm ma sát và giữ lube tốt hơn.\n- Bề mặt bóng mờ bám tay.\n\nTổng quan:\n- Cảm giác xoay nhẹ, nhanh.\n- Trọng lượng nhẹ.\n- Chống lật góc tốt.\n- 11 tùy chỉnh lò xo.\n- 6 cường độ nam châm khác nhau.\n\nPhụ kiện đi kèm:\n\n- Túi đựng (trị giá 35k).\n- Dụng cụ điều chỉnh nam châm."
        },
        {
          "id": "1",
          "name": "Rubik GAN 3x3 Basic",
          "sale_price": "320000",
          "price": "420000",
          "view": "100",
          "images": [
            "Rectangle 12.png",
            "loaicoban.png",
            "Rectangle 11.png",
            "Rectangle 13.png"
          ],
          "brand": "GAN",
          "category": "coban",
          "type": "Rubik 3x3",
          "weight": "70g",
          "size": "55mm",
          "accessory": "Có",
          "quantity": 1,
          "quantity_sold": "10",
          "description": "Rubik 3x3 MF3RS MoFang JiaoShi II 3x3 \n\nRubik 3x3 MF3RS MoFang JiaoShi II 2023 là phiên bản mới và được cải tiến của chiếc 3x3 cao cấp của MoFang JiaoShi. Sản phẩm mới này có hệ thống lò xo điều chỉnh bằng tay và nam châm điều chỉnh với tua vít. Về hiệu suất, chiếc cube mới của MoFang JiaoShi có khả năng xoay nhanh và ổn định, chắc chắn sẽ gây ấn tượng với các tay chơi speedcubers ở mọi trình độ kỹ năng.\n\nLưu ý: Nắp tâm của cube chỉ có thể lắp được vào hai hướng nhất định. Vui lòng cẩn thận và không cố ấn nắp vào nếu chúng không vừa.\n\nCác tính năng chính:\n\n- Lõi chắc chắn hơn để tăng cường sự ổn định.\n- Hệ thống điều chỉnh cải tiến hơn.\n- Thiết kế bề mặt mới giảm ma sát và giữ lube tốt hơn.\n- Bề mặt bóng mờ bám tay.\n\nTổng quan:\n- Cảm giác xoay nhẹ, nhanh.\n- Trọng lượng nhẹ.\n- Chống lật góc tốt.\n- 11 tùy chỉnh lò xo.\n- 6 cường độ nam châm khác nhau.\n\nPhụ kiện đi kèm:\n\n- Túi đựng (trị giá 35k).\n- Dụng cụ điều chỉnh nam châm."
        }
      ],
      "total": 3360000,
      "date": "2024-04-09 13:07:38",
      "status": "Đang chờ xử lý"
    }
  ],
  "comments": [
    {
      "id": "e620",
      "idNews": "1",
      "content": "Sản phẩm cũng xịn đó",
      "idUser": "1",
      "name": "Khánh Trình",
      "date": "2024-04-08 21:45:23"
    },
    {
      "id": "6a56",
      "idNews": "1",
      "content": "Oke phết",
      "idUser": "1",
      "name": "Khánh Trình",
      "date": "2024-04-08 21:47:04"
    },
    {
      "id": "e4dd",
      "idNews": "1",
      "content": "Sẽ ủng hộ thêm",
      "idUser": "1",
      "name": "Khánh Trình",
      "date": "2024-04-08 21:48:16"
    },
    {
      "id": "aa40",
      "idNews": "1",
      "content": "Đáng mua nha",
      "idUser": "3",
      "name": "Trùm Trình",
      "date": "2024-04-09 12:32:04"
    },
    {
      "id": "9de4",
      "idNews": "2",
      "content": "HIHI",
      "idUser": 5,
      "name": "Cường",
      "date": "2024-04-09 13:08:22"
    }
  ]
}